<?xml version="1.0" encoding="UTF-8"?>
<!DOCTYPE mapper PUBLIC "-//mybatis.org//DTD Mapper 3.0//EN" "http://mybatis.org/dtd/mybatis-3-mapper.dtd">
<mapper namespace="cn.zealon.readingcloud.book.dao.DataDictionaryMapper">

    <resultMap id="BaseResultMap" type="cn.zealon.readingcloud.common.pojo.book.DataDictionary">
        <id column="id" jdbcType="INTEGER" property="id" />
        <result column="dic_type" jdbcType="VARCHAR" property="dicType" />
        <result column="dic_type_name" jdbcType="VARCHAR" property="dicTypeName" />
        <result column="code" jdbcType="INTEGER" property="code" />
        <result column="name" jdbcType="VARCHAR" property="name" />
        <result column="sort_number" jdbcType="INTEGER" property="sortNumber" />
    </resultMap>

    <sql id="Base_Column_List">
       id, dic_type, dic_type_name, code, name, sort_number
    </sql>

    <select id="selectById" parameterType="java.lang.Integer" resultMap="BaseResultMap">
        select
        <include refid="Base_Column_List" />
        from  data_dictionary
        where id = #{id,jdbcType=INTEGER}
    </select>

    <select id="selectByDicTypeAndCode" resultMap="BaseResultMap">
        select
        <include refid="Base_Column_List" />
        from  data_dictionary
        where dic_type = #{dicType,jdbcType=VARCHAR}
        and code = #{code}
    </select>


    <sql id="findPageWithWhere">
        <where> 1=1
            <if test="dicType != null and dicType != ''" >
                and dic_type = #{dicType,jdbcType=VARCHAR}
            </if>
        </where>
    </sql>

    <select id="findPageWithResult" parameterType="String" resultMap="BaseResultMap">
        select
        <include refid="Base_Column_List" />
        from  data_dictionary
        <include refid="findPageWithWhere" />
    </select>

    <select id="findPageWithCount" parameterType="String" resultType="Integer">
        select count(1)
        from data_dictionary
        <include refid="findPageWithWhere" />
    </select>
</mapper>