<?xml version="1.0" encoding="UTF-8"?>
<!DOCTYPE mapper PUBLIC "-//mybatis.org//DTD Mapper 3.0//EN" "http://mybatis.org/dtd/mybatis-3-mapper.dtd">
<mapper namespace="cn.zealon.readingcloud.homepage.dao.IndexBooklistItemMapper">

    <resultMap id="BaseResultMap" type="cn.zealon.readingcloud.common.pojo.index.IndexBooklistItem">
        <id column="id" jdbcType="INTEGER" property="id" />
        <result column="booklist_id" jdbcType="INTEGER" property="booklistId" />
        <result column="book_id" jdbcType="VARCHAR" property="bookId" />
        <result column="sort_number" jdbcType="INTEGER" property="sortNumber" />
        <result column="creater" jdbcType="VARCHAR" property="creater" />
        <result column="create_time" jdbcType="TIMESTAMP" property="createTime" />
        <result column="update_time" jdbcType="TIMESTAMP" property="updateTime" />
        <result column="updater" jdbcType="VARCHAR" property="updater" />
    </resultMap>

    <sql id="Base_Column_List">
      id, booklist_id, book_id, sort_number, creater, create_time, update_time, updater
    </sql>

    <select id="findPageWithResult" parameterType="java.lang.Integer" resultMap="BaseResultMap">
        select
        <include refid="Base_Column_List" />
        from index_booklist_item
        where  booklist_id = #{booklistId,jdbcType=INTEGER}
    </select>
</mapper>