<?xml version="1.0" encoding="UTF-8"?>
<!DOCTYPE mapper PUBLIC "-//mybatis.org//DTD Mapper 3.0//EN" "http://mybatis.org/dtd/mybatis-3-mapper.dtd">
<mapper namespace="cn.zealon.readingcloud.homepage.dao.IndexPageConfigMapper">

    <resultMap id="BaseResultMap" type="cn.zealon.readingcloud.common.pojo.index.IndexPageConfig">
        <id column="id" jdbcType="INTEGER" property="id" />
        <result column="page_type" jdbcType="INTEGER" property="pageType" />
        <result column="item_type" jdbcType="INTEGER" property="itemType" />
        <result column="item_id" jdbcType="INTEGER" property="itemId" />
        <result column="start_date" jdbcType="TIMESTAMP" property="startDate" />
        <result column="end_date" jdbcType="TIMESTAMP" property="endDate" />
        <result column="sort_number" jdbcType="INTEGER" property="sortNumber" />
        <result column="creater" jdbcType="VARCHAR" property="creater" />
        <result column="create_time" jdbcType="TIMESTAMP" property="createTime" />
        <result column="update_time" jdbcType="TIMESTAMP" property="updateTime" />
        <result column="updater" jdbcType="VARCHAR" property="updater" />
    </resultMap>

    <sql id="Base_Column_List">
      id, page_type, item_type, item_id, start_date, end_date, sort_number, creater, create_time,
      update_time, updater
    </sql>

    <select id="selectById" parameterType="java.lang.Integer" resultMap="BaseResultMap">
        select
        <include refid="Base_Column_List" />
        from  index_page_config
        where id = #{id,jdbcType=INTEGER}
    </select>

    <select id="findPageWithResult" parameterType="java.lang.Integer" resultMap="BaseResultMap">
        select
        <include refid="Base_Column_List" />
        from  index_page_config
        where page_type = #{pageType,jdbcType=INTEGER}
        order by sort_number
    </select>

</mapper>