<?xml version="1.0" encoding="UTF-8"?>
<!DOCTYPE mapper PUBLIC "-//mybatis.org//DTD Mapper 3.0//EN" "http://mybatis.org/dtd/mybatis-3-mapper.dtd">
<mapper namespace="cn.zealon.readingcloud.account.dao.UserBookshelfMapper">

    <resultMap id="BaseResultMap" type="cn.zealon.readingcloud.common.pojo.account.UserBookshelf">
        <id column="id" jdbcType="INTEGER" property="id" />
        <result column="user_id" jdbcType="INTEGER" property="userId" />
        <result column="book_id" jdbcType="VARCHAR" property="bookId" />
        <result column="last_chapter_id" jdbcType="INTEGER" property="lastChapterId" />
        <result column="last_read_time" jdbcType="BIGINT" property="lastReadTime" />
        <result column="create_time" jdbcType="TIMESTAMP" property="createTime" />
    </resultMap>

    <sql id="Base_Column_List">
      id, user_id, book_id, last_chapter_id, last_read_time, create_time
    </sql>

    <delete id="deleteById">
      delete from user_bookshelf
      where id = #{id,jdbcType=INTEGER}
    </delete>

    <insert id="insert" parameterType="cn.zealon.readingcloud.common.pojo.account.UserBookshelf">
      insert into user_bookshelf ( user_id, book_id,
        last_chapter_id, last_read_time, create_time
        )
      values ( #{userId,jdbcType=INTEGER}, #{bookId,jdbcType=VARCHAR},
        #{lastChapterId,jdbcType=INTEGER}, #{lastReadTime,jdbcType=BIGINT}, now()
        )
    </insert>

    <update id="updateByUserIdAndBookId" parameterType="cn.zealon.readingcloud.common.pojo.account.UserBookshelf">
        update user_bookshelf
        <set>
            <if test="bookId != null">
                book_id = #{bookId,jdbcType=VARCHAR},
            </if>
            <if test="lastChapterId != null">
                last_chapter_id = #{lastChapterId,jdbcType=INTEGER},
            </if>
            <if test="lastReadTime != null">
                last_read_time = #{lastReadTime,jdbcType=BIGINT},
            </if>
        </set>
        where user_id = #{userId,jdbcType=INTEGER} and book_id = #{bookId}
    </update>

    <select id="selectById" parameterType="java.lang.Integer" resultMap="BaseResultMap">
        select
        <include refid="Base_Column_List" />
        from  user_bookshelf
        where id = #{id,jdbcType=INTEGER}
    </select>

    <select id="selectCountByUserAndBookId" resultType="java.lang.Integer">
        select count(1) from user_bookshelf
        where user_id=#{userId} and book_id=#{bookId}
    </select>

    <sql id="findPageWithWhere">
        <where> 1=1
            <if test="userId != null" >
                and user_id = #{userId}
            </if>
        </where>
    </sql>

    <select id="findPageWithResult" parameterType="java.lang.Integer" resultMap="BaseResultMap">
        select
        <include refid="Base_Column_List" />
        from  user_bookshelf
        <include refid="findPageWithWhere" />
        order by last_read_time desc
    </select>

</mapper>